Word(s),Spoken Form (If Different)
re-review, rereview
admin
URL
API
URLs
iframe
VPN
DB
PR
CPU
bro
pm
am
DNS
Sandeep,sandy
Sandeep,sun deep
freshdesk,fresh disk
freshworks,fresh works
freshconnect,fresh connect
gmail,gemmell
freshrelease,fresh release
dev,divine
dev,dive
addon,Had on
edit
code
vscode, we as code
Ji
key
javascript
apply
array
id
bug
nerve
null
page
serializer
normalizer
yarn
node
prestaging
froala
vendor
sentry
retest
staging
apps
freshsales
app
lint
link
json,jason
plugin,plugging
config, conflig
root,rot
reuse
dude,dud
gem
falcon-prestaging,falcon prestaging
omnichannel, omni channel
helpkit
repo
debugging
redis
and
endpoint
frontend,front end
backend, back and
dropdown, drop down
auto, otto
Maya, maya
sync up, sink up
nginx, engine ex
install
constants
menu
merge,marge
fullstack,fool stack
validate
zendesk
vimium
lookup, look up
command
upgrade
false,falls
input,in put
above,hobo
below,billow
timezone,times on
scrolling
hello,hallo
screenshot,screen short
cursorless,cursor less
restart
talon, talon
svg
what is,waters
joel
webpack, web pack
account, a count
pagination, page nation
owner,warner
debug,de book
swat,swart
markdown
rango, ringo
agent, age end
